{
  "fs_hz": 35.714285714285715,
  "ARW_deg_sqrt_s": 0.018145041016459484,
  "bias_instab_deg_s": 0.00084963106049592619,
  "sigma_accel_deg": 0.23753063920938897,
  "tau_co_s": 171.36548972770021,
  "w_co_rad_s": 0.0058354806535960077,
  "alpha_opt": 0.99970831107457414,
  "alpha_fw": 0.98,
  "w_co_fw": 0.40816326530612279
}